PIDN,Ca,P,pH,SOC,Sand
09gt9UK5,-0.3909973587664343,-0.2052019530150529,-0.12522581600778962,-0.6176159346385226,0.9265264587528557
0BVvxJ6a,0.29810882971666947,0.00028280118355670326,0.2630201279431925,0.025841362922375592,-0.843917980241105
0KbdgApg,0.05198872273966496,-0.1773336344198765,0.2001596574824823,0.12913833285261422,-0.4992617804247426
0MnuuduB,-0.10841414596508755,-0.08687745759475436,-0.0684727532558789,0.7886058793837925,-1.123526540327115
0PcIsF9z,-0.39743729624550506,-0.2108496279053386,-0.8826472531926899,-0.046919709996715006,0.19264628302496847
0ShTFLYJ,-0.3998618964294506,0.016586009654351058,-0.09467007177402369,-0.5147565312980057,0.2782613234400557
0XZh9jka,0.25183861290453086,0.43082376837081154,-0.7790738489549413,1.2513794301468992,-0.9346634529513471
0Y7Wegri,-0.24744033677256938,0.40291394818427967,0.45214400432855534,-0.30309932089934644,0.3880442014473105
0dTqplIM,-0.04205697425884173,-0.07942446348050695,0.2102607299564541,0.4575320584371867,-0.7078625694938905
0lNiZicC,-0.2916485298111387,-0.33017361998411343,0.010708431526202825,-0.5840405125666448,-0.1489232843052132
0rGeJ0QN,-0.31584786578631485,0.7032747986873685,-0.037187487121215015,-0.24763775565238474,0.805234361709584
0sXI9ytQ,-0.46913515435923486,-0.04077956499670215,0.05178612625369006,-0.6994877690507023,1.4621846947208574
0ukt4aP6,0.09205999655158814,-0.020955638192588246,1.0209746772864403,-0.565029806981148,-0.6220153655995723
1AGspb8f,-0.32490128449917205,-0.2762907205409705,-0.7299620604726927,0.1062129690269467,-0.5461930568576576
1Csy0gvE,-0.44883752815634675,-0.10795334907142395,-0.24753296854680293,-0.5592711181128742,0.7339106961226187
1Ic2hly1,-0.3040473799823181,0.6784603055227615,-0.0793968760795822,-0.20401392939515944,0.24103524163076628
1PPbaTwt,-0.28289246135744905,-0.2684157935812765,-0.17925720089865735,-0.5242345361788966,0.3144940500349264
1SO5VJNy,-0.39363952408002023,0.044077355461382424,-0.08553234232303193,-0.5748281731152267,1.033930612587652
1arHxK3Y,0.31887721228803617,0.5074737491383575,1.2639802930445396,0.4983507703067456,-0.35402259139250564
1fCW4Bba,-0.18084376146920514,0.16409995766130742,0.5026493666984163,-0.36539786411067776,0.6187081329608372
1qDZNvIm,-0.44249227224488435,0.044668753138197334,-0.29396049054754214,-0.6945651449163577,1.077569734765886
28LYJC2V,-0.2761430732763038,-0.18135928878135404,-0.6282685780564884,0.37823874142871033,-0.5470227558490109
2CzACvQq,0.20510660651188573,0.72238973997249,1.5542271283082245,0.42594912708635296,-0.44165478990583706
2FT3crfv,-0.09874037979195688,0.026169418791510985,-0.028433224310439053,0.1346860521151304,-0.5296333306586773
2Fy2uHVg,-0.44492400729237624,-0.18380442420537874,-0.4925120345752784,-0.5046143628434338,-0.054942746720427676
2MkMEApm,-0.37107894091935145,0.9269683760931753,0.47445989222012713,-0.5685928492117218,1.08934537090922
2NDGWEOe,0.4014258962259738,0.9100841453434021,1.4026268655946885,-0.3547634332426708,-0.3537066968224031
2NyyCiqn,-0.4075899660299473,-0.11705603144204998,-0.13771186392700507,-0.5523169348119732,0.8557318214218453
2QRzIb84,0.08054143427476618,0.666864069204862,1.9000392150236396,-0.39740273467302645,0.22605498828229803
2QcbdrUZ,-0.3623719005482778,-0.02735034172727176,0.4062776530208147,-0.3175312046709922,0.860093450064465
2YgAimWK,-0.34964311114659485,0.4888533684835527,0.4255164549457786,-0.47836036746025684,0.6548342927127828
2cx85d9H,0.1468878554771544,-0.2430514043312118,0.19016146630222608,0.08670218733891329,-0.5643436737831773
2homMXMV,-0.37001507491427527,-0.03288388724133021,-0.49832950409269644,-0.08912144483735153,0.562730092755231
2ldLrUtq,-0.3414839125954271,-0.2680837808504332,0.1792092849438731,-0.13534722956558803,-0.6647600874889623
2nsACW6G,-0.3332045301603255,-0.09305081930887568,-0.8696374459600088,1.123860024000039,-0.866205674247362
2yMbVnWc,-0.17559872080007785,0.836591743984817,-0.24413788585416232,1.3416900487893864,0.17416454769464337
36r8sgGQ,-0.425273243245375,-0.1852466045049797,-0.21865138354714916,-0.6201631972858193,1.0273957815410766
3NXAXCl3,-0.43418970150325503,-0.33204119159510803,-1.0483796645248993,0.599116104967891,-0.8147300831553819
3QG0z6fl,-0.30052015412916383,-0.2679454422125816,-0.07522550726162709,-0.5897835740567146,0.22766110284354157
3WS8R9qm,-0.23479388755289937,0.378379590761323,-0.7263331566579689,1.9202859131134618,-0.9074851020465178
3fRLm8f5,-0.3676497230228904,-0.14813380643538016,-0.5668952099322242,0.019652921153484007,0.45037819264172285
3mZhp1nQ,-0.4044220866151576,-0.020599416200120634,0.16297274622645097,-0.5735857965479866,0.848728857458133
3pikJXRL,-0.44489040594175344,-0.31037736090756946,-1.1344726016757458,0.5771518249017865,-0.863077176215745
3pxOEGHL,-0.44096946096301215,-0.200688654955149,-0.30184493878417035,-0.6581611673895058,0.6863209888387661
3ttdV3f5,0.08143290654981875,0.5080028944281396,0.4187449952502638,0.3587826555643919,-0.9189105899916689
3v4X6Mfe,0.4239352819198406,-0.02813887196302518,1.1207695321913318,-0.4079590286500118,-0.3708563466161515
3wORuPiv,-0.3558022821033903,-0.08728209811046977,-0.29509218477842253,0.029959177079201343,-0.6882238227260823
43EfrxZj,0.0022509622437703594,-0.10285211180065157,-0.12192426176398183,0.7044915161992975,-0.8553320503102232
457Vwm21,0.08267176954594276,0.14285805981921607,0.46262854344274335,0.2601582717172309,-0.3103263798341323
46KNnOdx,-0.4391206635507101,0.002821315188131112,-0.943038572604206,-0.12650994719107245,0.14718410664096207
47TwNsVC,-0.3024454102819068,-0.2682013686926066,-0.9342936626383137,1.280071296529943,-1.1088355398380176
49856RpO,-0.3744142003762669,0.06747041912206368,-0.9806183033453368,-0.19033997346642129,-0.3470538810568746
4Ane1o2N,-0.3770171239403455,-0.22724621495668282,-0.19848664997873763,-0.4777274586429836,0.3297901979534968
4AyVUgSc,-0.35865082816592225,0.046557075544869375,0.2837366793597185,-0.44795730316384597,-0.39525634768755213
4B1951On,-0.18433242049237705,-0.02379158026854334,0.051842243322990186,-0.23304178440959478,0.07647700635949985
4OL39Teo,0.016770216727406553,0.9545150573553444,0.03624169805763296,0.4445457071494362,-0.40705862554161637
4eQ90eLY,-0.24379234853303114,-0.06947099848709458,-0.10346174596433266,0.5455923346182587,-0.7431666421718353
4o5jwMj8,-0.26860856095378305,-0.1776829394804515,-0.13024829371012572,-0.5517387218184147,0.21760576002172954
4vPgpl2c,-0.368694112778826,-0.25527362298538797,-0.5177179515357928,-0.57513290699021,0.6414525420082046
51r9aA0d,-0.3483743106486973,-0.11141527348365693,0.39585858382080974,-0.6051140320751054,-0.27622879605645867
58SmeRoP,-0.27871307040928445,0.06740816673503074,-0.435403563717803,0.02326284551867073,-0.09196330676121693
5HJp1AXn,-0.2707375463859101,-0.015024369094707004,-0.5117976007246589,0.36915923469202866,-0.3699657522859841
5MBZW7fx,0.0719795980185778,-0.012887037139901874,0.8503600809251434,-0.3946835708654835,-0.5075207107515142
5Nq3gHaP,0.214348617023359,1.401421485400428,0.1364293724476239,0.7724940524551884,-0.752045943762785
5RmwFFK3,0.36528091854045297,1.4448183160944292,0.075495588032875,0.21274480624546926,-1.0781442890753021
5Tu5Jbov,-0.44114060127106064,0.32142557355787726,-0.4947006002779721,-0.1615152743686421,-0.4489736484396545
5YEolkev,-0.32577279843970924,-0.36177708180127904,-0.16040186561390915,-0.3530834900857105,-0.5027442326132195
5a8sf6QV,-0.028274008768115238,-0.09232454146015559,0.3172011583521938,0.01885592486506614,-0.43567562882594824
5eSvmqYm,-0.39138129155891305,-0.01465085477250788,-0.032623298818160826,-0.410342203826163,-0.5401301646868983
5hkN8fiv,-0.31736469920953986,-0.31439955680310105,-0.9629133679812347,0.5525465179191595,-0.5733333481757281
5oK8Gti5,-0.40113720507990813,0.0667233904776662,-0.027329588614209057,-0.4907919468217553,0.9810315929508756
5paniGaU,-0.47548759334278223,-0.004555592675297806,-0.6302420283268658,-0.6436433330377402,1.1919349870189635
5vsr7ZUP,0.23228175908853757,-0.0673717096576985,0.14006762910723067,-0.19918506953003912,-0.6402801612853699
60B4xMWI,-0.1669546407789509,0.8501731397558814,0.9920837394419015,-0.6373923817560284,0.27664759696146063
64jOUtKy,0.32796187013317946,0.8089516841420936,0.2879641652469736,0.9021153409705208,-1.066684547502073
6AJo4xNG,-0.38874177771488816,0.32679657117246175,-0.20308824966132538,-0.018345048950203457,0.08728212304047031
6CAvhEte,-0.3398208626780301,-0.09063681007836773,-0.36081462577342516,-0.2947699283164694,0.16193980842754963
6CuGYjT5,1.3055001240186732,0.7193462899397587,1.7235790906102741,1.1065136341932975,-1.0281454099495864
6DGH8ujZ,-0.40213888207163656,-0.24548962282334352,-1.0808808004943946,0.04820414113268898,-0.5326514558886919
6PzsGdVm,-0.38265318405696125,-0.0469667605746087,-0.9009694763190892,0.344264821212623,-0.2582494472713561
6UcSJMbq,-0.03716964093780499,0.3786735603667575,1.0815062893712089,-0.3765792532158338,0.35714742891609547
6WJbkH8U,0.9520585565752476,-0.0707748401488446,1.312297089711705,-0.2298772403232298,-0.9104042723509572
6eUWsVzw,0.24176081097879257,-0.252544893353768,0.22546845573671245,-0.0543583420219485,-0.7891197872250376
6gNyO7Do,0.15911479400368597,-0.16726604005023665,0.18490516747780736,0.19610946214702205,-0.5401872540670376
6jT0AyHe,-0.10481277538129098,0.041829352596296075,-0.016686051137004537,0.35053139987253573,-0.8694255152871988
6nBgCvWu,-0.39183358405753677,0.041085782417844656,0.12616930161063572,-0.6462218504414416,0.9369814272356394
6ro5mqg6,-0.4327496160716963,0.15074336217674875,-0.33476695277341284,-0.458849585772223,0.645205217262675
6sGqObX4,-0.4422113128884594,-0.2788292345455452,-0.5673722050212721,-0.21217923450689177,-0.7233642391809629
6uEGy0n4,1.3662081710946503,0.8985639952763225,1.8764793987625872,-0.03934043156764288,-0.7401332931071178
7BZ4LxP8,-0.13828145610869108,-0.23920559019894141,0.0869808815495769,-0.10016218753866975,-0.5478029773775771
7CmigXKi,-0.3418028120708479,0.003845021108232121,-0.34720623646821225,-0.4450506108178516,0.44345895976887767
7Ga0LpfR,0.9384906493702158,1.4164796461305582,0.15083275356791798,1.3181395898355481,-0.9314321940354816
7PQsFvsG,-0.3323453576053831,-0.16441972257644294,-0.9941799284261326,0.7677433294810864,-0.5902013570274576
7aF7nnwn,-0.40452910956835997,-0.2319566455755247,0.05927775500521956,-0.6883376347019545,0.6306854849139952
7asGzfX9,-0.1998665128984737,-0.29082319444726656,-0.1889561010426474,-0.21003047000380431,-0.275836782312837
7cg7C92o,-0.011312172316054,0.7585030413836148,0.45132095397882405,0.42392538160889964,-0.14134942654010882
7eOxTpsB,-0.3943208553402048,0.2880513771762137,-0.3268170346226025,-0.46575688693851097,0.7606437498623643
7ey0v7ma,-0.4108271693216309,-0.3205244999939743,-0.9739590777884214,0.4872475180926099,-1.0987725850988537
7gocyrYl,-0.26546073629058436,-0.12372395378649029,-0.5972358387336743,0.4447019809314793,-0.4887573344791697
7gqR3GoA,-0.43260470120803574,-0.23939580582598682,-0.2793139354602824,-0.5537155851612554,0.22507305094390806
7og7aUXB,-0.1828398841720413,-0.10055914887826342,0.188029017668832,-0.051975166845797054,-0.36142518101719295
7onRfa8F,-0.316350295163916,0.08621184608498995,0.45607219917954506,-0.40865444698010117,0.6249422932720136
7umkNuxM,-0.26099498662979764,-0.21396916418888917,-0.3713926933364454,0.24804705360891974,-0.4664506106795328
7vPr9ExD,0.0006185729562094898,-0.1139088274309292,0.10983923444438073,0.11033078318377275,-0.36337002590059436
7zNjpCzu,-0.37404333209744467,-0.09518469279773432,-0.20396741708035626,-0.1830888699796389,-0.6048466860124448
7ztsQNj3,-0.42587507862725676,0.2372292200955345,-0.3059040734635253,-0.07429106292149745,-0.3191409801275903
86gppwMI,-0.4224967689463734,0.19052263749093593,-0.629577976340152,-0.1679928226343124,0.7507596751809695
88thAGdL,-0.19892283077733175,-0.10132692831833916,-0.1903964391546771,-0.23186191735517203,-0.7165020956882582
8GhU8STP,0.5052767758707776,0.6109925518426035,1.598138735035352,0.3466792511451831,-0.7919970919840416
8NlzDcWe,-0.38604017127459145,-0.1777348164696457,0.22551521996112878,-0.6194834063339331,-0.19198390076470656
8QAejdLW,0.020202905638565756,-0.1948784321653877,0.077440979768603,0.11140125859076531,-0.4751700620060932
8RDeFxWM,-0.4312947788276694,-0.14764962120289976,-0.4315221330912306,-0.647511109143295,0.8756445972143213
8UXP2NBS,-0.3889164854547108,-0.06890381007190353,-0.5441397383311362,-0.5044190206158804,0.4272493817680832
8ZoV3KGT,-0.07844622460376645,-0.24405090098968862,0.24495978447352543,-0.4247740875978087,-0.5916400094069605
8ajs2uG8,-0.3555198764908411,-0.07515671650278974,-1.0184599137432007,-0.18355769132576746,-0.5292375109563809
8bXnz62p,-0.06510465648219359,0.5380120034440676,0.28811381076510656,0.26188509700880286,0.608253164478052
8nO1O1LG,1.1116882085473816,1.933122581516559,1.5637763829340803,1.7622306099554546,-0.8535698914432678
8xE1p8g8,-0.40249914447221374,0.4515192285933896,-0.5511450191487341,-0.36909373905598714,-0.26250070311237167
8yMDVMRM,-0.3908424647355156,-0.13808004592952547,-1.1495400347827562,-0.3345728606027508,0.046763886976499976
98R5VaPi,0.04481890800316943,0.5363311889941721,1.8401061850114042,-0.4393544314623939,0.5001639380815883
9DcTz2Ua,2.307230627224341,-0.0631938827945848,1.971364010103743,0.6942633971646018,-0.997214383790286
9G7nfUrK,-0.3311229337205398,0.05784204992760216,-0.12815325645626466,-0.6012775107259566,0.6815597345351784
9O6GZ1HT,0.0605397120749207,0.35200187098899755,1.1187586705414234,-0.5636702250773762,-0.5014311768700236
9S7fCoAM,-0.2373272944059339,0.18374750270216048,0.5120676814959068,-0.203154423593925,0.7812948816379717
9iQwmFJR,-0.2615490473510384,-0.3062548694995965,-0.19324905684408572,-0.2931915631178381,0.41998380665573004
A3Mt6SAQ,0.5719879428677278,0.2652531696582936,1.8257402152706435,-0.5951125100243709,0.2317791501308999
AJIsQIcV,-0.293504944172362,-0.1701123575240304,0.14952335528425428,-0.3739382262993123,0.12833699927774714
AMHKXMh8,1.1268241466424453,1.342337053174067,1.7751974415212495,0.2893970963374242,-0.7155620238953029
ASwA2J4E,-0.40876635076149875,0.0034300051946776237,-0.07668455106342291,-0.5646703772824501,1.0866279164146047
AaFvEoHq,-0.256887619236626,0.22119231350260463,-0.3294732425694611,-0.5392211918767934,0.343027322228388
AiIPD6hX,-0.30210004431941057,-0.314513686179329,-0.31502309722475064,0.526753530193009,-0.6306929513806964
AsIURvJS,-0.2310648607618598,-0.21245781457036161,-0.2826529010836232,0.825056739045257,-0.863157101347939
AsvgbJ0C,-0.329018486433989,0.003886522699587272,-0.7803177773244209,0.4962410742491677,-0.007824978312391002
AxEhbkCM,-0.4354639977744251,-0.11597353160086235,-0.8389320562081086,-0.5060051995036138,-0.38402115767620115
B7VPkIpx,-0.17770900131966294,0.16255748184926358,0.5923618548191024,-0.513451645217949,0.3290822896397734
BBwHqHiH,0.0690694414451483,-0.1533699238780577,0.12879745102284512,-0.1521935432697932,-0.5225770832735007
BMyps8hr,-0.25945255447317184,-0.27130707111237223,-0.0829416042903557,-0.18199495350534045,-0.6772017664005848
BUHS4dQw,0.09437019787609723,0.42691224338556116,-0.21355408308574642,2.946629604057227,-0.9316491336800098
BZB3EYWQ,-0.4137785441946048,0.013743150646503834,-0.43707772295191494,-0.47409409321049056,0.7206431241783202
C5UPCZcL,1.603551817406611,0.20183182113529227,1.7770025405837273,1.587008631840054,-0.9112872547637744
C5gIfQbJ,-0.3784807351381938,-0.14220599580344503,-1.053635963349319,0.7517018257544039,-0.9420508187413322
CDRuu4Pn,-0.4532126457666735,-0.25614169793790603,0.037438862202696176,-0.7347978301032578,1.1260119767931482
CQhTYkqE,0.4121464143733764,3.349724066979273,0.04510819500700861,0.02598200932621397,-0.8201764100206415
CSEobMXv,-0.3523776922265272,1.0977543414526922,-0.7611070339341072,0.3651742532499391,-0.6664499331410758
CYMQE4x0,0.11578394813868916,0.2959816395910485,1.0251647517941627,-0.286057664967588,0.06249010822545056
ChQdtl4J,-0.3791872312549416,0.1896753133340959,0.1315191288838872,-0.5960345253384232,0.5586843586827164
ChnD1nrN,-0.3081388867666598,-0.2779957442524899,0.1226806904691618,-0.6420727815282081,-0.2597185473202661
CvtbbIcq,0.16484500539399735,0.21822494972069031,1.442909568507096,-0.052826858957929636,-0.577287739240021
Cxk06b77,-0.07472457371896087,0.368858434011197,0.3031438324925822,0.05404878058108683,-0.1586893742676545
D3QD3ZEJ,-0.34712865024878886,-0.13956718628642847,-0.7430560433093231,-0.07893239424816612,0.06123414186239307
D8J5C6lA,0.3687062315453782,0.771887304595742,1.2758303475116899,0.08235777619812555,-0.6318994402809676
DCeQwYfT,-0.23758458337045715,-0.20157402223739837,-0.22445014737479965,-0.17389997159552728,-0.45337333666903135
DDEftkx3,-0.47342870312414925,0.04214407299740825,-0.572890383502424,-0.6250076845291435,1.1091363560240652
DEwCfeDW,-0.144900970389869,0.26826895196345524,0.24205104971481683,0.022778396794338428,0.2414577030437943
DMkIV4oL,-0.43051929629378977,-0.24506077304600424,-0.4138359034168959,-0.6521993226045761,0.740247617318046
DnzGfbxS,-0.16435412764174637,0.606084988664824,0.47858449681366616,0.30243032975978645,-0.9138829185807599
DoZxo6f6,-0.33549930475284134,-0.15544846191177572,-0.18693588654785304,-0.5307980350246907,0.4272303519747044
DvhBPGIk,-0.3495068738196801,-0.31979130521336163,-0.5061952466395582,-0.12755698153075842,-0.1787391645724629
Dx7GoUcT,-0.40020841939684576,0.033861047056052335,0.1392352259126163,-0.6615601221489344,0.9254265366955101
E5hIjohO,0.2897264738455136,-0.03323319230190522,0.27997683571662924,0.6129463346786727,-0.9757373589820056
E6x4XGHt,-0.33638990927421963,-0.13124265875371702,-0.3015737062825545,-0.4741956711688177,0.9054338357708408
EDEpAzh1,-0.31065527600596426,-0.1367727458018289,-0.4096084175296406,-0.30401352252429586,-0.48293802366367083
ETGudkQt,-0.33494929354874864,-0.08809829607379328,0.3377400057159367,-0.5302041946529285,0.22534327400989923
EUleKrLJ,1.5122219001584236,0.0904968853924388,2.010140904989936,1.0487860991067164,-0.552819230912455
Ehw2Jz6s,-0.28934146204156563,-0.09640898974271991,-0.48479593754655026,-0.3232977072283684,-0.14292889939062048
EjqzC4zH,-0.17378892409459606,-0.1064247071231655,0.4653128099242517,-0.6640605026616185,0.4862493531623794
EkMZO3Qj,-0.41375805556617623,0.45045747954788085,0.05135589538905817,-0.4928156922992082,0.6434849239411545
EnoNXWvU,-0.015949592578801984,0.21666864004486178,1.1341908645988819,-0.5748906826280433,0.007905048895235368
Epv8ANwr,-0.29440943275253406,-0.12526297113258766,-0.3056515466516761,0.356969879692696,-0.14939902913970457
Etro9j0B,0.2316597243294523,2.317524154514405,0.5619557561034697,0.2585173970057823,-0.6449158189526556
F3MIZj76,-0.3868430844662958,-0.21183529070003027,-0.7729196770217241,-0.3210942469015655,-0.2284640146735132
FB8tU00K,-0.35671501434347147,-0.16225818136001396,-0.7375565705179377,0.31794050262752654,-0.37358141302811954
FLhxBGMK,4.2375538829245265,0.1863309767640366,0.9761184332260973,0.540489995634564,-0.24756231530933928
FRreR8ka,-0.34050479719923804,0.04788166800229769,-0.008053375309711787,-0.5449798807450671,0.5223831248316774
FXne4oAV,0.33776980066611284,0.8372453940486639,0.7224505743010281,-0.23722210807923771,-0.6035869136907105
FaW764jk,-0.13176910940632758,0.5535993094639804,0.4179219449005327,-0.017430847325253615,-0.011490116517313605
FeAbMXly,-0.43525125349853316,-0.21243360530873776,-0.37516188982441867,-0.6703583360779398,0.847183638235702
FeudaFXn,1.1269239383150234,0.91448331402708,1.5461743288636953,0.05824473162893383,-0.896797970084503
FldUmFeM,0.4703243809854,0.1304594594017791,1.9540705999145063,-0.5103027285097882,-0.07390022688524418
Fnv5tfAm,-0.45090119102019005,0.3786597265029723,-0.427519115481174,-0.04654465291981243,-0.3085604150085001
FvrAd3Or,-0.08906131067970322,0.1662753327415216,0.9762867844339981,-0.38644012886272966,0.06266518232454321
G48zHffi,0.018863672467411944,0.5623665206378171,1.3804138589968356,-0.46572563218210256,0.2029185654913084
G76zCv5N,-0.39431145467539636,-0.23230940910204628,-0.27422598784376295,-0.5191087561278953,0.05821982259105479
G7JGUdNf,0.07686143556634192,-0.24133600522185378,0.02929253430933556,-0.027549574712519696,-0.75788809033034
GCo6MONx,1.1053336483881875,0.08215506552999605,1.5101097589936594,1.0088659614839026,-0.8756330338876435
GE0vbpVQ,-0.09806280879769591,-0.29121400109919726,0.15832438231944695,-0.4544661061859244,0.5202936535185916
GN0DfOqt,-0.33462533217689283,0.003461131388193987,0.13939422427563267,-0.603715381725823,0.33334496335681796
GNsTAb1v,-0.3119350198418691,0.12137061089493881,-0.042649548533066496,0.046086631386010095,-0.6675117956116607
GPwmO21z,-0.2756597344795439,-0.16068112088850717,-0.5960199688988446,0.15801772777410886,-0.2576671355939385
GQYpfLoh,0.40650948650308566,1.4972140751806686,0.08158429005190823,0.6059843376886683,-1.0378201569038041
GR9knT8n,-0.3467838627887427,-0.2680076945996146,-1.0134654945755133,0.6568436400544702,-0.4598663021701709
GXtFFbZy,-0.337170983998447,0.139901071435141,-0.22921074542040373,-0.1527483151960452,0.16390368310433098
GYvzvvFD,-0.4567650364763922,-0.18737356106194616,-0.7655589880985608,-0.19266063912975584,0.030619010273196842
GemPjTJ9,-0.3686579563757167,0.07356423611942091,-0.49015511766468567,0.6922083969307392,-0.03657899610905632
GkLYRm1K,1.435871436092637,1.5405901550789913,1.7086519501765156,-0.2354562143421547,-0.790691648158197
GmlqP8eI,-0.45119738427445816,-0.08940213773554329,-1.2341832809766913,-0.4590214869324697,0.20680444929943503
GqkIrOvf,-0.29193228526273673,-0.054274499119111926,-0.5226656064790621,0.5536091796370504,-0.5712667126146973
H0fsegPi,-0.3916841857998909,0.11331584370603727,0.18530733980778968,-0.572163705131398,0.6408588124547618
H4dHpJjU,1.4142097011132548,0.41535405019307153,1.751890152072046,1.3785628476623695,-0.8249528881589346
H5QwJCuU,1.3971699114560916,1.9475409260466245,1.9888444771906444,0.4940766823678771,-0.7122774815579724
H5uwmSZ0,-0.45506341972901276,-0.07832467130958799,-0.5095809764873152,-0.5472771053410953,0.4985730473550478
H8MtbVoL,-0.08184651737774036,-0.13002182027467785,-0.2938389035640594,-0.2626712934848936,-0.32642558503332375
H9JrUYnp,-0.3465541008991197,0.10064056601289753,0.04375203249892895,-0.44228456487569506,0.5172526925365221
HHYmmHVk,-0.45008892537221434,-0.1829640169804308,0.14263966145014012,-0.7421426978592662,1.3097294080390545
HJ5U4uqL,-0.4374550103722893,-0.20331017214243416,-1.1172166028660464,-0.344941626041285,0.22403783018405438
HNQxYc4w,-0.393911613065549,-0.3055700932422315,-0.5327479732632683,-0.6040201156008063,-0.05293320053953552
HQYhKHZ8,-0.4361448469492351,0.1108880006117439,-1.043787417687197,-0.3509503529608279,-0.4259285686568861
HSCMx0MC,-0.4608612676974062,-0.14771879052182535,-0.6085995452668931,-0.6874546878334132,0.7391324714259975
HXYuE0fx,1.6650709249171218,0.49213545266657704,1.8592795170221847,0.6961230551709098,-0.9009959425040538
HdKcxEWr,-0.02137753643912297,0.6668951953983788,0.35332184529152716,0.42185475399683375,-0.2688604600598543
HecW1iCC,-0.36532313079563883,0.005805971299776601,-0.3163605540430641,-0.2564203422031857,-0.7651765011947498
HpbKB8rv,-0.44536024634801946,0.3111643050952459,-1.2268600034330601,1.368178454845629,-1.0673582021877117
HrkoYjCg,-0.2065640285932921,0.6770146667572134,-0.41335890832784716,0.7420284786459582,-0.6617724099283562
I5P2uquT,-0.11142057498786165,-0.24935964621723827,-0.10197464362788682,-0.22933028208608028,0.2536786363522104
I94qkDM7,-0.4250604989694816,-0.1273138414387356,-0.6091700688047751,-0.38872953976965596,0.49231224533314005
I9sQbtt8,-0.2170523744241978,-0.15688718374543092,-1.023145689029736,1.8876793884902499,-0.7984786396091533
IFxgw6ZX,-0.33488059638284196,-0.2814957117901316,-0.38283122262873087,-0.27853308236223084,-0.4400296455512141
IPPPSyoU,-0.42515575903954006,-0.28404805965849106,-0.9828536332724479,-0.15184974094929934,-0.7073107054858819
IQOYQubU,1.5234601779983428,-0.038894701055976186,1.798645023643702,0.4160726240612529,-0.8144522481720392
IYNE2SxU,-0.385900029056141,0.17982906078501804,-0.5126954738334563,-0.17538457252493322,-0.6345598053954443
IZRFk9kN,-0.22265063904743057,-0.060759122768399065,0.0333049047642744,-0.37144565947573094,-0.21255510740811784
Iaq3v0t3,0.6387106799136734,0.6457847192622458,1.8487295079938122,-0.3663667615593422,-0.05363349693590685
IbVwu1t6,-0.39891358628870993,-0.31355914957815334,-1.0416456162089185,-0.11104665645794534,-0.5759480417860928
IcHKTLyo,-0.054598907369258154,0.04332340988509185,-0.05301250066377142,0.1443828402908815,-0.4213119407829813
IpW80wVB,-0.3817656648819813,-0.2753119746781714,-0.7746031891007197,-0.21525782801313315,-0.018215245497684978
Itb0PYUV,1.2003199903699764,0.3089059268323207,1.8664437962027982,1.3000977816987187,-0.8598306934651738
J8fpSwS0,-0.36811985268038133,-0.02893086066472485,-0.3257788688405547,-0.5819464438872723,0.775365198020868
JE1SlbD0,0.3661307386391246,0.8919583253189155,0.2829884517690539,1.7092772389102782,-1.0513731757487985
JEB4McNb,0.90006362414607,-0.04160613835786474,1.2607629144046795,-0.09309861259033894,-0.9800951816659446
JEE4QVeQ,0.03453805171757151,-0.06438013661416103,0.08801904733162388,-0.3141713183570734,-0.5513425189461941
JJSEU2VQ,-0.4570289300105498,0.1129112031903218,-0.3778742148405778,-0.5293603162298978,1.1598279196288015
JSsVriP2,0.013276206556574457,-0.05251413995245179,0.865960626190501,-0.5194134900028785,-0.288358386356653
JUvQNiOK,-0.004576812919315049,0.17347240037574363,0.49210871051492927,-0.3420740021408013,0.4358356245409873
JZbrRtm2,0.08075649256045798,0.2265771449809722,1.209630911427641,-0.47030445399595416,-0.04052196929732173
JcE9G92B,-0.20361197880079385,-0.0008654095106102271,-0.15582832446597208,0.7410205127517825,-0.6727678245431234
JnNYpXHr,0.4005248304519626,2.0642606932678484,0.16333750717690004,1.5163728823567404,-1.0012258642347207
JzpbnOtz,-0.3279023623742859,0.13595496179042818,-0.42909974626645364,-0.4489418279907146,0.6332659248962762
JzzUhPQp,1.3173151688009908,2.080719532706224,1.6990278727915915,-0.03553516497490271,-0.6820962292578335
K05R8dQK,-0.31393061225079366,-0.06765184539934797,-0.614117723748045,0.30579021607370516,-0.5832516764852059
K17pG2mG,-0.22142450310520162,-0.09254934174666414,0.41471391910555816,-0.6039654197770914,0.4710864137974681
K8BellUe,-0.11506730980542576,-0.2927772277069182,0.012045888344516231,0.020223320457939887,-0.9408938073038472
KJ2eH6rr,0.05232020464336756,0.6900323325790355,0.2799487771819793,0.3214488490343856,-0.9901847781158419
KJEJ6Glk,0.316890345624396,0.3346299965407999,0.16197199182393698,1.1505047038383227,-1.1277092889119638
KSbO0oXS,0.376371533630078,4.736568911440146,0.26099991344839807,1.0889250200243887,-0.9628732186573543
KXtvmd01,-0.40683979297824346,-0.12327781167941924,-0.15923276000349565,-0.6050827773186965,0.6542900406221238
KYiJqBuJ,0.06439774491225322,-0.21541826142038298,0.17662789975608004,-0.2858779501182389,-0.5645263597996223
KmbAyTcE,-0.2488499061999044,-0.06536925787479889,-0.042752429826782956,-0.3746727130749125,-0.2567613174290665
KnNyl3rV,-0.2505495463972478,-0.056923684033967505,0.47966007397524574,-0.4285090309886292,0.42449386768671016
Kp2DG8TZ,-0.2083125040391012,0.10328629246180628,0.5108705173508433,-0.5659752633625069,0.655751528753681
KqQtKWs5,-0.3476425050497732,0.007486785749671295,0.364872608722412,-0.42646965813297255,-0.0038211097853107887
Ku27g63R,2.274819159723849,0.7661842942503151,1.8685762448361933,0.9682894739765128,-0.5739270777291738
L2aTVqDq,-0.3369526475322071,-0.2402846315741827,-0.9525410630056474,0.4170180804426108,-0.6233969285989353
L5jvq6G4,-0.39205211335792717,0.03473258047451587,0.2457921876681399,-0.47925894170700234,0.3433203810464357
L91hYVQl,-0.34185386491203756,0.0022748775686176064,0.2934729908832417,-0.6060985569019745,-0.40039819785873604
LINAMlbA,-0.40819078903254197,0.1695712507883324,-0.6317571891979628,0.13817095745468314,0.37697266765902526
LJoUNXSx,-0.3883345119902698,-0.23671895318356118,-1.095901469376987,0.0032051055934876798,-0.46887500635610135
LLtSiyWD,-0.38713325165337953,-0.31408483640198914,-0.20546387226168533,-0.5710932297244058,0.017362856204926076
LQJtV8kn,-0.025208958163767236,-0.07806874482956266,-0.042761782671666346,-0.28090063016017713,-0.7460096933027569
LW9uddw7,-0.38726616259120744,-0.18703808986515613,-1.0107812280940032,0.9409728168754439,-1.0696417773932716
LZ6sdBTR,0.48440585374019396,1.0802026267752862,1.280422594349393,0.7099142164361805,-0.74801923948365
La2Vhnne,0.14531317180895548,0.009489237532571346,0.167536934529505,0.41997946861232033,-0.4108074948374093
LaUWSq9B,-0.07481959274633107,0.14301369078679904,0.42837842548007066,0.3351775007868384,-0.9119266558213315
Lk4SfkPQ,-0.3314969355542982,-0.13654102858342765,-0.5538947555444266,0.21470604221010575,-1.0084533797603148
LllC836d,-0.3832266246102685,-0.10910155976559108,-0.9235753024020432,0.03052176269455517,0.17170589838999115
LuGiGeWN,-0.444115983995698,-0.11328284509465139,-0.594785393374248,-0.34755921189050093,0.3260222988643249
LzcyHcWa,-0.41677812760505695,0.001887529382633927,-0.23611314494428456,-0.5530357942093699,1.0143147015719007
M7veP0H4,-0.33859660686876275,-0.0036944346546724438,0.1379632390084866,-0.36221769264610837,0.9365589658226129
MB8aaJUc,-0.31752899390526634,-0.010348523135327707,-0.7211329749028504,0.5454360608362162,0.11155272151688818
MDpe2zuy,-0.43067901117845553,-0.14560566782864448,-0.36825949030053723,-0.34861405991928907,-0.41395502266240525
MEzdmEIU,-0.38738441813364227,-0.18515322592443034,-0.4596554905002194,-0.35385704530682155,0.07257589871666975
MVnhtivm,-0.36653904652792285,-0.1935469227760675,-0.7951326836195798,-0.16389844954479316,-0.22582648531109248
MYU7WDis,-0.17635978898125165,0.2208914269652771,0.6730862590069311,-0.682961816599685,0.4317023534189241
MZFqh6yw,0.7973283864755956,0.3178564367013101,2.0988619915529916,-0.46931211547998336,0.2112612269089511
Mdgy4SsO,0.3137226108352188,0.7816920555534644,-0.054209664808834795,1.1179763161061322,-0.8069925691672137
Mj8awnzy,-0.3094941733807936,-0.09145992497358403,0.12356921073307607,-0.4950582210715214,0.6989453537668328
MpFPbUJy,1.224270859542987,1.8584231755427174,1.579414339578971,1.4848759015860313,-0.7890969514729825
Mqk7MFBM,-0.3575143601034029,0.4651801690812221,0.5230479213889099,-0.6053796975045779,0.8864154602672101
Mqs2t1Eo,-0.38743291592234597,-0.05671271761124372,-0.42054189319822716,-0.19154328158815048,-0.2734276104709717
Mv3jFVxp,-0.3554152639645123,-0.07125902538132484,-0.31913834897340576,-0.33197090213173863,0.19091837778609536
MxODTXvA,3.6945396659615244,0.302483555570067,0.9027734236512011,0.4256209521440632,-0.344370680190342
N46PbpPM,-0.42111896894523726,-0.13699754608833764,0.015758967763189077,-0.7056449560631872,1.5821979896490175
N5S5F9Gk,-0.4311420541809373,-0.07102384969697723,-0.700182602364241,-0.23404975030377045,0.686743450251796
NLDg5fqw,0.7828964858618708,0.2168138956146052,0.6561108455437279,0.38183303841569277,0.32043515152805696
NOho2ZiM,1.3540257772567459,0.11532175395488299,1.8507216639539574,0.39579610084121,-0.830014813197925
NUuY7PFU,1.1287572125782595,1.0117111671750294,1.745848214277429,1.792735252210194,-0.8636518759758102
NV1e8AEO,-0.39390852771915047,0.2826630872318999,-0.0039661820957063235,-0.46836665909862457,1.077824733997174
NZLXROKC,0.15904450595604255,-0.0903290066091482,0.2422942236817829,0.33001265229032617,-0.5474604410967436
NaJo7C6o,0.20835764565382614,0.05965774454940255,0.8444677886486595,-0.16167936183978635,-0.21069018765691186
NgsyGkrO,-0.03278025360038409,0.46032448289263406,0.13329616941171596,0.5059300487358168,-0.9060198079562829
NjOx4Zpo,-0.39034408487506267,-0.25950332683769656,-1.0595282556258028,0.943973273490663,-1.153559360238892
NmQoI7x0,1.4467519101673936,0.12986806172496385,1.7190990779111701,-0.2534120718988636,-0.558033394298483
No4wkdLS,-0.344474770260596,-0.16462377206727383,-0.02164305892515811,-0.4768992075981571,-0.09756948389086446
NouMwhOf,-0.17806405719819288,-0.2558131436730084,0.1053405160555097,-0.01505548583820422,-0.6053871321444254
O6YAWd8C,0.05993604476861437,-0.20956999550521255,0.19804591453885467,-0.2834322654292697,-0.5203734332001363
OAXVphSh,0.4244744462030002,0.1074053254038333,1.3321999436233845,-0.02681508793691893,-0.6112597263813889
OJBBhb6Q,-0.41294776646823694,-0.20494256806908162,-0.06923033369142674,-0.6156234439174778,1.1227654940425777
OSIQXImL,0.2931912696426338,-0.09468321523552285,0.08838380828207296,-0.02412717888578392,-0.9314588357462137
OUUFc5Zz,-0.41152662699190745,-0.2155047230690401,-0.41033793943053876,-0.584853136233267,0.5833736126134854
OVk1lquT,0.2340489394468887,1.3330510721082907,0.1559019954946703,1.912104980623525,-0.5985173767343689
OXdRxjzz,-0.3538919223887282,-0.3268742434713563,-0.9679264928386884,0.033115907476464375,-0.6878774804865736
OXxW2ekf,-0.3095987376985843,0.0011335838063434008,-0.04220996482355099,-0.444980287615932,0.019166880617317986
OXz5OpqR,-0.006155979981499435,0.7410101206272969,0.5871242616844505,-0.1324874193542062,-0.3994162605203449
OcBFW1AX,-0.36659385963503566,0.18182805410197175,-0.634048636194373,0.08095131215974093,0.21413472570927972
Of9V2rpt,-0.12883132934092317,-0.06684256436791694,0.2747018312024435,0.07029344022442753,-0.2518249890263833
OfLxPhbG,-0.06608073474052159,0.0466054940681175,-0.04465105733809438,-0.06733687962059645,0.681388466394759
Ojx2vi48,-0.37915497974336926,0.017239659718199116,-0.1814831779808848,-0.5515043111453508,0.29583343464683315
P3M32iuT,-0.36707613784397114,0.35695093575813186,0.16605918503794273,-0.4978633354591881,0.6304266797240318
P7olVzrO,-0.3827194707959942,-0.1520280390908986,-0.5726097981559252,-0.4669836361275464,-0.22401865494002487
PAPHErnv,-0.44167947630299625,-0.26879968330131404,-1.0918984517669306,-0.02492417517420204,-0.6422935134249369
PBjEtfXb,-0.3407244835045277,0.16665576399561272,-0.025664782224979893,-0.5929324907648753,0.6015851248778192
PZGpoBBj,1.2941658147720982,0.7265952345631749,1.9262271806969,-0.1610151982661048,-0.7577739115700616
Pc2RrxXS,-0.2531695839921312,-0.3160596204573183,-0.21227274333673327,-0.23426853359862995,-0.5164114302184907
PcHQ4FOu,-0.32942271502074655,0.09274142979157911,-0.11201959903255918,-0.08505051281513873,-0.22744021178968768
PeNyTOVN,-0.26172361046524806,0.20604423265786934,-0.01097146291330376,-0.3252901979494132,0.07777483826799278
PhUPSU53,-0.3760593649262597,-0.05970774912072789,-0.5041282679203467,-0.21668773311882414,-0.29071808073573074
PmUNeV2O,-0.3840107846808948,-0.31347614639544297,-0.08309124980848878,-0.6661155028954804,-0.07127792135752745
PoDJ0uvK,0.6558534430068921,1.2708090604729705,1.7185098486835226,0.6269640929279058,-0.5319283237402657
PsUJdJdg,-0.2650634497332239,-0.11743300423019508,-0.2521252153845071,0.4279103630509886,-0.483132127556142
Q3xLFx1f,-0.33867369232019073,-0.15728836579520042,-0.9032889818501494,-0.14079337086977692,-0.20263297313996345
QBGxCvdM,-0.046291901442181364,-0.2360445523240354,0.11182203755964179,-0.22941623266620353,-0.5239890939422716
QCEPyu6L,-0.34777488569368914,-0.3289112799137192,-0.801212032793729,-0.003584990236268565,-0.7113069620956101
QEfwec4s,4.480799700479989,0.5265990658213215,1.852985052415719,2.5315976937081737,-0.6472831252490853
QZ87Nnr3,-0.39473390608932074,-0.05977691843965352,0.15536888333632168,-0.6681079936165247,0.8978371422536813
QlyGN9jv,-0.4147747736215986,-0.08355041335442676,-0.3192412302671227,-0.5181711134356394,0.8863050874656083
QqgWE1ny,-0.3000237508187473,0.37852484633106726,-0.05160957393127529,0.14522671871391238,-0.4080786224667661
QrjjBpZd,-0.3771163853190136,0.11317404660223886,-0.9663271563636417,0.9490599850961532,-0.688859417824963
QsaBiX7V,-0.29320846166686904,0.31756246709587627,0.03902884583285872,-0.2112962876383501,-0.3199630672015914
QtBKJuZk,-0.27200750388870754,-0.2566397170341712,-0.17888308710332532,-0.337417043435928,0.25848556215991325
QtPRO8OJ,-0.42665533380634746,-0.28199027242045094,-0.7240417096615581,-0.5797039151149594,0.37530565775896624
R8XcsFnp,-0.3641107342865915,0.5627434934259614,0.27168086230513533,-0.3122257097706414,0.8207664790660604
RROfRt9z,-0.11336014907623577,-0.15106312709188455,0.08658806206447783,0.4410920565662923,-0.840991198019312
RTcbiDGq,-0.38404462707420406,-0.3297032686154181,-0.4043614715501048,-0.34348827986828695,-0.17429761079765063
RVidM9g0,-0.1652077080063412,0.5140033328449465,1.4828929803832378,-0.6200381782601846,0.4818420530156516
RZnQSH19,-0.4507119725105872,0.05618198627338509,0.06894859661455945,-0.5737498840191319,0.9384200796151411
Rc4UK7fT,-0.4444354137650314,0.028739058989601787,-0.7287181321032116,-0.13106532793761771,0.0839214615296227
RcKBKh6B,-0.4227557934182456,0.04290147703964473,-0.5131537632327386,-0.4583260686023799,0.4559539221019629
ReM5kDa5,-0.044308650418851805,-0.08432856819234134,0.04190016921203406,-0.07456454204007208,-0.4670138925635713
RfntsotG,-0.4555298855376548,-0.14377959780900523,-0.2674077639238318,-0.7443617855642725,0.745530287960239
RiXMlzXD,-0.3363907770278946,-0.3649727043356475,-0.07906017366378311,-0.489416737539779,-0.4115686865725962
Rik83O3m,-0.32056757802253866,0.31173495197638323,-0.3757978832764834,-0.26707040044939756,-0.062303470799680016
S3PCzDzO,-0.07345881035892439,0.0010367467598472388,0.8580948836436378,-0.6105914281357024,-0.05994377642060272
S77BviOJ,-0.3359461978952674,0.02801278114088178,-0.12118538701820049,0.014839688666568247,-0.2905087530085548
SDdvtktF,-0.33252912855025113,-0.05698247795505437,-0.9645314101460476,-0.16693797460552423,-0.4734002912217846
SHs1AyfM,-0.2814208957509168,-0.031095860347100202,-0.2436515379202304,-0.2398787623739637,0.8061287619984275
SO4zQy9k,-0.4201758171180069,-0.11592511307761436,-0.3761532913820495,-0.5028640964845551,0.5650555335062254
SOOBCoiG,-0.42253818008006777,-0.06376798814166827,0.08567148326591355,-0.5256175591499743,1.324351901271983
SXkkPB7A,-0.42359264542033553,0.44994908505377507,-0.2345605726936555,-0.46174065074001314,0.9516914575181163
Sa93dGqq,-0.27404455563986296,0.21349030984022402,-0.4721415384194353,0.3576027885099691,0.6274428081221016
SonIG72a,-0.37936285495697614,0.33264483708763193,-0.218436268114833,-0.3224069466707242,0.9635850783804041
Suf6hIBc,-0.41474155793927603,-0.008152397259435683,-0.14874822088930814,-0.5536061935138257,0.9780591392249727
Sx2JeSRz,0.09600610638689398,0.0024374254680931975,0.40739999440681185,0.23961608306771512,-0.2913650937106393
T1Tlftr4,-0.33142351395171804,0.05599868757823168,-0.3808764780481196,-0.5806024893617049,0.5329294363226844
T7ulR4ci,-0.34875149424592894,-0.24651332874344473,0.4628997759443582,-0.6985423126693447,0.6928482079679896
TA1NB3Br,-0.3775546973417685,-0.05604523368361071,-0.1333440853665004,-0.5721090093076833,0.9643234343635343
TFZUskaK,-0.08629447808819757,-0.12389687708380431,-0.04352871595209744,-0.2510914062355289,-1.0232281113402815
TNL8HGWZ,-0.056531973305072585,-0.20165702542010927,0.03005011474488338,-0.0573900533935772,-0.3975056692650278
TZ8z1GSF,-0.36347221220768816,-0.2824606237891461,-0.7709181682166963,-0.3846742351256479,-0.19503627962280395
TqhRvkJJ,1.1958322576160993,-0.0674132112490541,1.052437647473887,-0.4101937437332229,-0.6176156773701957
TtJCUiY4,-0.4361047374460526,0.4508690369954869,-0.10713741400347246,-0.4702966403068521,0.921278041738745
TwDq0lua,0.30331332700577757,2.674375587784132,0.29191106578772963,-0.16769590244843124,-0.7533742233406852
Tzyf02sI,-0.03671537188914463,0.0894282194150365,0.7715623627832767,-0.4135848848035495,0.830121525491501
U3yI6ZS5,1.8544072561859848,0.27299667491202845,1.9316144193496863,1.6750845353993318,-0.8686909652627444
UBLnXZAN,-0.3660892126647105,0.35615203012454,-1.0749136854588432,1.5717953791581927,-0.6467426791171006
UBWDzleg,-0.3292589988274694,-0.1231360145756217,-0.7848726127825912,0.2104788364058499,-0.5881080797556958
UBqkX6SY,1.1512867012322554,0.8560248641369986,1.8604392697877132,0.058385378032772356,-0.6691673876356927
UCIAi1Aj,-0.26458199106942554,-0.14166647511582436,-0.3460745422373317,-0.15667860081441926,-0.4194508269904512
UPbXGvCS,-0.00637769104536329,-0.2586421688170711,0.05052349219444378,-0.24169153824565934,-0.693274329889045
UeWm1l9F,-0.3318180044139052,-0.008169689589167261,-0.8531016162063204,0.8498730156336383,-0.30492191851430855
UhucscY7,-0.3053710417958667,-0.22602191801169733,-0.9412989434559116,-0.26747671228270775,-0.25737027081721703
Uri1SvHV,-0.052686378270409576,-0.17364345125518893,-0.07366358216611471,-0.07747904807516888,-0.6093910006715066
UzxipGJS,-0.4005762023292693,-0.21707486660865424,-0.3609923298262075,-0.4822125161876092,0.4528482598224018
V74zfaAQ,-0.006337195873881273,-0.12311180531399757,-0.005864809607017735,-0.22800976862781897,-0.5848463731704221
VBPxBLTh,1.1518785092383412,0.3186691761986876,1.724963311653003,1.017867331329565,-0.8824228641655059
VLG7CXYS,-0.3517936457949751,-0.09093769661569474,-0.2429313688642157,-0.31590595733774696,0.24615045009121844
VNk52SpF,-0.37480493057253017,-0.16691327652371502,-0.9272603232860662,1.7168643310284506,-1.1330186012648873
VOREKsok,-0.4799938863835888,-0.016694808146763235,-0.5118350121041924,-0.6855715887598033,1.2852114222487008
VRhTr5pX,-0.3977500732366653,-0.30665951001531183,-0.2835694798821867,-0.6438777437108013,0.1449271731461347
VTcG4Kcw,-0.29489031291388257,0.1851274306147287,-0.2933993198545436,-0.4444567704460887,0.5241300598639298
VeKiWSbS,-0.4032533670410652,-0.1186815104368046,-0.12500134773059005,-0.5943936506269749,0.7879210556927676
VnU8nJHU,-0.38231664025682394,-0.020077187842231385,0.019266284594429594,-0.29902838887713323,-0.2712467961496632
VueNCxYv,-0.33691851588767197,-0.22824571161515944,-0.5210195057796002,-0.26971142736591935,0.193506429685729
VxuQTRUl,-0.32745334805621135,-0.10176615349351743,-0.19214542114785538,-0.37793883511960485,-0.37962527540549923
W5lgaocA,0.4345438598432171,0.5360718040482005,2.0613944949504615,-0.3869402049652665,0.09220703356712627
W5mMq9Ef,-0.33945192274070646,-0.12718241973277677,-0.5483391656837416,0.14595339180041056,-0.04766575373204585
WDhNqFpS,-0.028417477375651375,-0.027232753885098243,-0.05133834142965935,0.5328091392471644,-1.0674152915678516
WE6n1kZi,-0.41307301224860654,-0.12855197224750614,-1.1112120764509628,0.46486129881498917,-0.5040458704803876
WFk6r3vA,-0.4401630285480708,0.34599105717435075,-0.27572244302509186,-0.2717820549779856,0.005077221599017887
WFyIrsUR,-0.31001656109291137,-0.009580743695252027,-0.9752497703823185,1.3526057724650713,-0.8881013545099968
WG6ZAsqR,-0.47283520781925054,-0.13433452730969692,-0.5145847484998849,-0.6848371019841986,0.9387093324745122
WMq3CZQk,-0.4097968564586397,-0.35029151639366174,-1.0560677030189791,0.7064918206094428,-1.1502329523561279
WRskmGjh,-0.43985406003137084,-0.18112411309700652,-0.4271262959960752,-0.49716791712909797,-0.10918146381113297
WXijSglj,-0.34675397349550596,-0.03251383138507777,-0.8261373644077453,-0.2920820192653348,-0.2763049152299771
Wc0stQgu,-0.3806068762666098,-0.3024955170159831,-1.105357195554011,0.20080548929740535,-0.5849072685092365
WewoSCUB,-0.40159595752255334,-0.11496365954454671,0.010072438074138226,-0.6309460882467666,0.28373809797472166
WuHuhHWJ,-0.43437867897017113,-0.21911536151696304,0.0549286821344814,-0.6906817414325951,0.9303552531808414
Wv7EBtZb,0.5575757113372942,0.8987265431757976,1.8482525129047636,-0.09527863184983468,-0.6029589305091821
WyPlxDn0,-0.4031041616175696,0.06680293519443088,-0.06234663985731236,-0.5095604280450855,0.8413795512549079
X3WqoSNN,1.4341813411857132,0.8458777250505939,1.7263755912303835,0.7449742394374632,-1.0373862776147482
XDhyP9KB,-0.46041596543671737,0.18649006619756575,-0.4327192972362925,-0.1617262439743989,-0.36800948952655577
XQxhDRMG,-0.36730551406529394,-0.003047701522717003,-0.6557752948582968,-0.11970422398311212,0.5103030119942701
XjLNAwxW,-0.08785961646597572,-0.2625744445979989,-0.17788233270081116,-0.20595953798159086,-1.0056141345880703
XjfVQbXd,0.33553519032837015,0.588073298016563,1.4349877088909364,-0.36899216109766036,-0.4673640407617571
Xovczbf6,-0.48403954684878736,-0.0836334165371376,-0.6217777037074727,-0.6985657537366545,1.1477516127500702
Y8H4onBf,-0.3479463634615001,0.45365656054819486,0.4800528934603449,-0.4006219745831063,-0.01994695669523417
Y8YgzSZ9,1.011605259983365,0.551555356089725,1.8478035763503657,0.4902792294642395,-0.3303685582215892
YC4PNV20,-0.3991999932098698,0.03931850631929198,0.1710161928260957,-0.6774531657826788,0.9357635204593412
YDHSCRdd,4.740938368070397,1.3177508187619176,1.8587931690882522,2.301968998374601,-0.7810511548320618
YIJ87aME,-0.17254904871918514,-0.061371271240891756,0.28421367444876744,-0.18669098065572418,0.07577670996312826
YKvT4dFv,-0.3850356017706133,0.18733393188845932,-0.48347718641800386,-0.3381671575897325,0.43567196831792177
YNebALR2,-0.45179290433793057,-0.17205601538584347,-0.7481720494604923,-0.2748606484842267,0.14063405175968352
YNrnqFyb,-0.20527536617795333,0.01389878161408656,-0.055986705336663174,-0.3292595520132985,-0.14408971678677954
YUZ4lR3m,-0.3662616063947334,0.025927326175271062,-0.542222405130059,-0.41519450475859027,0.23349563749374516
YYLvjoVC,0.21214929533505075,0.10675859227187788,0.35573487927142056,-0.10588962165053548,-0.516335311044973
Yb8OtMb2,0.1299283330348922,-0.08725443038289961,0.12049212476646788,0.11197947158432331,-0.65958017773102
Ycg4lTYw,-0.3559438705779645,-0.23895312218486206,-0.8521569788731069,0.45416435843416614,-0.6325426472972002
Yfk6tekH,0.009714511599122583,0.4697245933346412,1.255478557045614,-0.33208029377916953,-0.49364418541906646
YoSfgmR6,-0.4288911493575269,0.15321962379428994,-0.6401279853685226,-0.03140953712897503,-0.6232561081279271
YpzFvexy,-0.36338765443295085,-0.2840999366476856,-0.7753140053118511,-0.004905503694529535,-0.32092216878792656
Yxqppfa3,-0.058337334825106356,0.39564079429923926,0.13063060861997358,0.4617983326869527,-0.737579494835567
Z16jTUvP,-0.2720681020203177,0.5674020470556105,-0.2190629087220144,-0.024822597215874282,-0.05569252057958603
Z2BdCCbJ,-0.38806922040852504,0.07586411597370121,-0.1473546470016952,-0.4727423249958207,1.0775849586005901
Z2JJMM6V,-0.32410203515631564,0.020034100202798708,-0.3909027277630249,-0.09408313741720765,0.0091648212169684
Z5jE1OB5,-0.3558090795071743,0.020027183270906093,-0.13282032605303515,-0.2309633431084266,0.16299786493945925
ZFsIqYxA,-0.39548701986181034,-0.14253455006834242,-0.5913435464571901,-0.2019979976068085,-0.21551614325799312
ZHDVsoRh,-0.350376941504093,-0.33743985693726175,-0.7246402917340908,-0.07592412394384375,-0.5352585375817049
ZSmfu2Fc,-0.4046496309120563,-0.11299579242110973,-0.5529594710560959,-0.068516746675019,-0.03058080523578765
ZU8YXF3H,-0.46670713136912895,-0.05750470631294351,-0.5908291399886082,-0.6881813609199139,1.0753356370231149
ZXKaNy6Z,-0.29468566767228627,-0.2786701451120158,-0.5412590621070781,-0.42468032332858313,0.691984255348553
ZbYLo0zK,-0.20250086842898862,-0.2793618383012731,-0.18083783168393716,-0.4278214263476417,0.35616549157770466
ZedN8Gcn,-0.3233731702781772,-0.3089524729376997,-0.2169024015539705,-0.21275744750044956,-0.5740717041588578
ZgD4Dau6,-0.2696590731939781,-0.3233639005358757,-0.08859072259987352,-0.529157160313242,-0.5464670858823251
Zgzf79LA,-0.3860993231500775,0.07332560196912676,0.14157343713344325,-0.46181878763103495,-0.2382719701813902
ZjqzxDOF,0.07623694217184501,0.6295126369849682,1.8617299623816101,-0.5076617015932662,-0.21791389722383037
ZsZ5aDpq,0.15373732448210514,0.952564482561639,0.21196294772521607,1.129634340246519,-1.0319056971214073
ZtyqE7If,-0.09599683192405316,-0.22138757364367315,-0.15005761917297122,0.025231895172409168,-0.6707963379489907
ZvUgz01f,-0.316493908397065,-0.016940359228949674,-0.35540868143087345,-0.5698430394680637,0.4796954923224253
ZwrhgdQV,0.023342583058930538,0.2695624182273662,0.3971305707249403,0.8047255200014986,-0.5616528609992927
a7bhJGBU,1.603617188183432,0.0021469143286052344,1.7013754368573004,1.2152880001841326,-0.9052281685516901
aHpv6KzP,2.6828722261766287,0.11045915083440429,1.871709447872101,1.2003638539990549,-0.9651187342761526
aINzEBVN,-0.2547947419990703,-0.21109863745347146,0.5070358509486872,-0.46445200085845467,-0.4317859390591468
aP9EtTGF,3.4208978834404737,0.1870814638743808,1.9840838791450406,-0.018938889321965743,-0.7654010527566306
aV6EhtSL,-0.3809374904166376,-0.3184321280964716,-0.336562698991008,-0.5485819914211525,-0.3197499335157394
aVZsXKoH,1.3094012552885164,0.37096809823843113,1.9964576929256577,-0.29085527007629924,-0.8208272289542244
aYVnVJvc,0.018391469842809725,0.12750592948365033,-0.008492959019227319,0.41764317557078207,-0.6619132303993664
abCzN1zx,-0.3725136752032507,-0.34986612508226883,-0.9782613864347443,0.5408572390223645,-0.6631387490930163
ae7sMiB4,-0.08996478688058852,0.0068365941517695514,0.11278538058262245,-0.23094771573022246,-0.32650931612419404
afsVuCGV,-0.3436796186434242,0.252522556510013,-0.2905747606997843,0.29760146989466685,0.06859105998296906
aiwBQETI,-0.005387584102629098,-0.1686978449519992,0.1336235189826319,0.04768843765194805,-0.41997985524640524
aiyli4EI,1.5474393937913928,1.7529987581020667,1.7310146022925064,0.5058987939794093,-0.646255516406582
apJ7NmzD,1.0745111824915217,0.5723061517674435,1.950516518858848,-0.12555667712061155,-0.49483164452595807
atVjNMtQ,-0.37094834399132215,0.32687265742327837,-1.0850054050879323,1.887023038605669,-1.0468022193790034
b5GirVGV,-0.45431117371019764,-0.23587854595861377,-0.2936424938215093,-0.6652247423378367,0.6129535234428275
b9SpMjNB,-0.12957875450599032,0.824307272943606,0.09959786929715858,-0.33093949517025717,0.9267624281907622
bAFs37yy,-0.4397503634672547,-0.12233365047608286,-0.47786547948801966,-0.660419323540023,0.7702423776430641
bDia1hHV,-0.20234018937357282,-0.08997278461668062,-0.20155438310046286,0.1750906384622758,-0.6137297935620677
bFkv5Mtr,-0.016716397575935595,-0.0327213393418549,0.31373125290048604,0.17062120829585425,-0.21872837238047976
bHe2IXgA,-0.38357387070572635,0.5131940518135153,-1.0977439798189976,1.8355152000443884,-1.0370132936645062
bWX3vUm5,0.06942015855530465,0.1682397413990124,0.049803323138429105,0.11011981357801504,-0.43769278692419256
bat8tcGs,-0.1958168511246646,-0.2981274745258231,-0.35610079195223787,0.28008317892767753,-1.0768997405882736
bfjej4wu,-0.35579823258624216,-0.19017491847843804,-0.32880919058274566,0.041796916068937526,-0.7690471611681733
bh04YDiP,-0.30069037847500046,-0.17471211723259134,-0.4356747962194187,0.06583182374710782,-0.1601204147298044
c110Fdc8,-0.36907905795059187,-0.20256314349803636,-0.22565666436474646,-0.5332359060245572,0.24343680155527897
c32GUzMa,-0.33831805793921155,0.020909092087209386,-0.5004058356567905,-0.2319400542461934,0.6031303441002489
cT6uU0B0,-0.4539949739128759,0.02042836532067543,-0.4712810766901707,-0.41063912401204394,0.9131294842135738
cWXCiFwh,-0.3991418055051335,-0.2882915973745847,-0.6864526260755447,-0.23551872385497188,-0.5995069259901112
ceNvS3yd,-0.4301977935573453,-0.22003531345867536,-1.019984427459178,-0.06390667010475866,-0.17108157571648872
cmwdt4Av,1.2079255620767402,0.28348274366116905,1.770193669508679,0.42613665562480424,-0.816043138898578
cn4EHsup,-0.38686391055448643,-0.28915275539520985,-0.834882274373637,0.07103574068913045,-0.1109474286367649
crVOGGTT,-0.3582678595441923,0.7225868725314286,0.25913869731662026,-0.5268755630954178,0.8985374386500525
csPEJ1E5,0.07895228804532316,0.652373096889922,0.4105331974427197,0.2258483628697515,-0.9243226632288432
d0UrRtMk,-0.45260324164440724,-0.16517366815273332,0.041881463522267355,-0.7715534236397087,1.3923567708935383
d6LU4G4I,-0.25751481230922185,0.01825299024046141,0.001860640266594344,0.16539385028652515,0.503284824195852
d74T1DVv,-0.3674455598666691,-0.3100176804491564,-0.9824608137873478,1.209779349367126,-0.9544810797769246
dR6rM1tQ,-0.12463892208763955,-0.14465804815936203,-0.050982933324093656,0.14875850618807746,-0.9252817648151753
dUNxOoqg,-0.3943899863829489,-0.21961683907917479,-0.7574781301193831,0.07630998083307206,-0.5740108088200436
dUnlyhj7,0.2711663797504268,-0.06826745233778694,0.9241166156749071,-0.5111778616892274,0.24965573803175192
dVDlnZQ6,-0.36676649440774634,-0.1286280584983244,-0.9403730118124629,0.10996353979597177,-0.9654117930942009
dVT26GDu,-0.32696118709709265,0.09722706012391233,0.15056152106630197,-0.43896374700728724,0.5310835463648587
de43ycXY,0.16525241574422858,0.4432085349244627,1.2252408095378802,-0.34491037128487656,-0.11764972186508098
dfIn7m9z,-0.3418842362906489,-0.31078891835517836,-0.7194401099789715,-0.1654768147434247,-0.3698515735257062
dhmb9ZY9,1.5154586213647272,1.3525222353858812,1.6553313814967787,1.3509883388209316,-0.8723979690131026
dn8kCuyf,-0.282979670601748,-0.2914318844538126,-0.14332357085698977,-0.3921363082181865,0.685380917045811
dpcquvWW,-0.3955759646134583,-0.24544120430009622,-0.33501012674037883,-0.42024214791856934,0.08762085336262851
dqcbIMyr,-0.41192159953946844,-0.1442015306544522,-0.5826921649401312,-0.2327214231564073,0.04434710321728301
drWgsBf5,-0.37021306737769955,0.5112296431560255,-0.4482637254323505,0.18650643824049692,-0.5749965521171091
dytx0HSe,-0.4780460204267688,-0.051148045903668914,-0.6578142150428565,-0.6797582040678116,1.2046887545420113
e4KkkIha,1.1407252712585314,0.9546464790613034,1.8618234908304434,-0.16605502773698258,-0.5815580248744172
e9YorH4m,0.6131199009212525,0.19845289990577078,0.8108817226727034,-0.5108028046123244,0.07073000875884312
eB9gVQ0R,0.24526798208035588,0.8099165961411079,0.1361207285664752,-0.5624512895774435,0.7752434073432402
eMhLFqU6,-0.38231842397271,-0.08374754591336515,-0.68004592733048,0.05741648058410725,0.16657166013615915
eMllg1qm,0.26474211004603676,1.5419977507191314,0.7457859222848806,0.03841358868771256,-0.5373213671840604
eNPunZ9i,-0.3127232294296434,0.4272788407758678,-0.5690183057207355,0.6822303159473115,0.156516317314347
eS5BSM4J,-0.43906049929593705,-0.0755060215633644,-0.17343973138124022,-0.5120139264231556,1.1978951183054727
eVGMFoOI,-0.007230114405058845,0.1431866140841131,0.6311481025501805,-0.406857298486611,0.0774589436978905
eaIwb3rG,-0.3259703570262959,1.1848973079012708,-0.07455210243002852,-0.45463800734617194,0.9194283458222414
eyzw8Vis,-0.44057183694588936,0.13864564829663925,-0.3587850584337472,-0.47160152638690844,0.9385228404993916
f04Ke2bN,-0.4061728760707654,-0.09802755180558197,-0.44477511429087724,-0.1899961711459274,0.501553112998302
f4GA0te1,-0.3484478286683516,-0.2668076069162532,-0.2500208252857628,-0.58515787010825,0.24878417349496346
f7bd91h5,-0.40496067239586797,-0.10318066606554871,0.3338211637098305,-0.6208039197921942,1.0121795587547002
fB7z9ndr,-0.3310536098436457,0.5489753404937964,-0.17531030035790168,-0.5062864923112904,0.9949575957461098
fEe7AWFA,-0.1464338572560742,-0.20347963697380209,0.07025799489822288,0.4266132906600343,-0.7973178222129936
fJJIbgY9,0.29087422270580315,0.9900750042150612,1.0866316483672602,-0.4294857421263971,-0.5332680211941936
fQBURMvg,-0.3947180454804903,-0.03097827250492624,-0.40382835939175676,-0.5029266059973723,0.9624889622817344
fS0HpOub,-0.4174915657512015,-0.15728836579520028,-0.19712113462577485,-0.5848531362332668,0.7778162354081684
fTDXauuk,0.055489964191118804,0.11017901509275531,1.1533829022994284,-0.4234848288959562,-0.6692891783133225
favPNA2N,-0.30657774969749163,0.21739837635952783,-0.42928680316411966,0.2445855893366736,0.17804662554409398
g3Fv0U4k,-0.37059285423595545,-0.14077073243573635,-0.9376887453309539,0.37244098411492554,-0.6225520057728782
g5PKo2E2,0.3461015375729155,-0.07081634174019993,0.5315590102327201,-0.00017040809863517792,-0.5492111820876717
gbjnD5fe,-0.43158639227087703,-0.1462281916989763,-0.28193273202760843,-0.6583721369952632,0.5566519767497675
ge9zqXCv,-0.1931875574905851,-0.2450815238416817,-0.28032404270767924,0.7180873352370151,-0.9762854170313375
geeqJpSE,-0.42666034749424475,-0.17335294011570077,-0.24236084532633412,-0.6366578949804279,0.8197388702235571
gqy1J2RS,0.17030100662313105,-2.8460751608957224e-05,0.07956407555711385,0.010213984718103516,-0.8194761136242701
grlUtS3H,-0.23895216316164863,-0.23601688459646517,-0.5994150515914849,0.39024056788959083,-0.5560314600349416
gx965KYj,-0.26970593189240716,-0.18736318566410706,-0.32803290445743144,0.11594882564820837,-0.45922309515393855
h3F08Vjm,-0.37181932763794723,0.09441532730958162,0.1267491779934005,-0.5726090854102199,1.2372258952625543
h6FQG8Iy,-0.33277489567431673,0.24124795752511918,-0.09669963911370112,-0.5732654352947993,0.9477370664538224
h7ftM8b3,1.267735773350713,1.7073815922705484,1.6594559860903166,4.0561507122664154e-05,-0.6439300756555889
hLrCHXZv,-0.0008229105229361639,0.010052967481816073,0.2803883608914951,-0.08212819309093976,-0.6032557952859045
hQ6VBuFx,-0.16418216778856043,1.1002029353426617,0.11572217387598134,-0.3483171397334082,0.9125243367841019
hYoR2y7w,-0.2946108962306567,0.5223001926500883,-0.025318726964297506,0.1873346892853231,-0.9245167671213124
hf65yZkM,0.24653099755375707,0.16089050126315338,0.40229334110052606,1.2630765227327978,-1.0215040120600851
hjuwe1x4,-0.2925010495879087,0.008773335081690143,0.028441425424954495,-0.07433794505611022,0.3311984026635923
hyINlsFR,-0.208633428273096,0.514276551654703,-0.2957562367651369,-0.008023165646281758,0.5832860755639389
i0Qlm9Bv,-0.4421466652397003,-0.030988647902765228,0.09378039977974106,-0.45488804539744,0.8477050545743057
i1VxfxMb,-0.4523915097478017,0.09745877734231342,0.02742196533267367,-0.7184047103669732,0.9114967279416005
i2l6jXNP,-0.41436418150789406,-0.10694693548105465,-1.0825736654182734,-0.25417781343087287,0.05498475771651262
i4FgPZv7,-0.2914664943736193,0.3520364556484593,0.061456967863030246,-0.6271095668976181,0.8521504143077939
i7XtIkSi,-0.17720223317368877,0.35814410650960143,0.026645679207359465,-0.077533743898884,-0.44485560115229544
i9z346Ut,-0.3270596771391609,0.0896599366334376,-0.46732482330453173,0.5000463408419091,0.3271488626324004
iDOat4cZ,1.0470119239174023,1.2351073165094557,1.907100612910535,-0.17273573191930872,-0.6388871804099794
iNv6RoSO,-0.40674453290818613,-0.06283420233617092,-0.35712025204451836,-0.4042865947720079,0.5786732536487093
iSL9NYzy,4.6588968861552535,0.1585698706131947,1.9023867790893494,1.9162227947803534,-0.8744265449873738
iSqVc1r8,0.12535527116967787,0.9349435985653092,1.4236988251167841,-0.4430268653403983,-0.14339703230776019
iYZMftt6,-0.22066989486805,-0.05073302999011438,-0.1559218529148049,0.24160857378875966,-0.7880959843412108
ieTPaa3c,-0.3920817616084764,-0.2491936398518165,-0.8123232125150991,-0.29416046056650313,0.04643657453036974
if7BmzU0,-0.42656556950956237,-0.14994258412528746,-0.28847972344592376,-0.6414945685346501,0.9452479694797649
ihNz5bmx,-0.3591851233867965,-0.04256067495903978,-0.6076923193132124,-0.14321561449143952,-0.17647081320160776
ikJXKdIN,-0.39858326138990713,-0.10579526632094159,0.1555372345442213,-0.7035977695184262,0.6328891349873597
iq2kxikN,-0.0757284200948765,-0.2900554150071909,0.05633160886697773,0.008721570099595701,-0.5198520168615338
iuZEDJK7,-0.4429120239807096,-0.1982677287927487,-0.34972215174182203,-0.7102081504988332,0.8440817819148174
iyF8gVT7,-0.41862499667585973,0.2605738652329674,-0.1207551561535682,-0.6632322516167917,0.9064576386546659
j06qdQ0V,-0.38585100097352476,-0.2394995598043761,-0.2713453116197042,-0.29922373110468664,0.10553169489156394
j7hl8svO,-0.17008607453940688,-0.24900342422477084,-0.0974759252390156,0.2394988777311829,-1.144619163309129
j8hMoJUN,-0.35322722307397464,-0.2839339302822638,-0.14782228924586083,-0.6666859021999363,0.005480653218666857
jNaFasbV,-0.39867307389522944,-0.28260933782483577,-0.925043699048722,0.30896257384917225,-0.6390203889636358
jVVHeYHT,-0.1850249361332563,0.06263202526320878,0.5333266979156646,-0.4982149514687845,0.6758850501493607
jXm4ySvK,-0.3156811606637141,-0.012721030774480219,-0.07189589448316966,-0.36928126759443886,0.35619213328843646
juO5ii5l,-0.09418539612829704,0.3477860010004732,0.6473472298880686,-0.5533014596388423,-0.28734980730753146
k2hdEBsU,-0.4379160768247342,-0.0917366022492868,0.11329978705120411,-0.5479022004692661,1.0497824304729066
k3ynMfhN,0.054865760047846705,0.18342586536915592,0.7239096181028253,-0.34169894506389814,0.48852912240926466
k9C9yBtr,0.010704040039407094,-0.031151195802240777,0.40739064156192917,0.11308901543682666,-0.5552778802171077
kAKRvcRo,-0.39575293815454166,-0.2595690376906756,-0.8952268295607375,0.30521981676924914,-0.9412515674193859
kBi3R2oC,-0.23592457059092106,-0.3063344142163611,-0.03941346420344221,-0.17259508551547073,-0.26046832117942426
kDWmnsXe,-0.306917957346478,-0.14137942244228244,0.3172572754214932,-0.49266723220626707,-0.518413364482031
kSGBd2Vh,-0.43179262839420995,-0.1748573728023353,-0.29754263013784893,-0.6222807070324979,0.9019361597476587
kT0miHPT,-0.44552945831456964,-0.1701642345132247,-0.21411525377874485,-0.4678118871723733,0.6259204246517275
kaW0TfRn,-0.31991690739219086,-0.3223159853541514,-0.48630174557276284,-0.4900496463570526,0.04901320855397566
kmg3SowO,-0.3590962268436862,-0.26259519539367626,-0.9201334554849868,0.24810956312173693,-0.16506816100851632
kpxKSlnF,1.0855947109261384,0.4520379984853321,1.771605949086059,0.8766192734302517,-0.11329951109849089
ku2cn1MV,0.3719033253338793,0.2981500977393702,1.403608914307437,-0.1150160105218302,-0.38320287656087476
l1su5HU9,-0.3187666998964903,0.2457923817785394,0.005021901837152259,-0.4312750769307856,0.06334264296885898
l8Tg2RvD,-0.1962482693265595,0.2919905698890338,0.25023478898771095,-0.4615062400669498,0.42435304721570005
lB6NsVOc,-0.45476279128929603,-0.1672798739140215,-0.16415235641211595,-0.735016613398117,1.3717627284980658
lEcdVyKk,-0.4658167196819008,0.08855322753062618,-0.502697282653201,-0.49832434311621376,1.0620147816573535
lH4TasGl,-0.009749203322462345,0.02671239794507823,1.0025963370907427,-0.4752817739540147,-0.5814590699488433
lO9aggHW,-0.22144638978121667,0.15603481507456743,0.04606218518510599,0.1440546653485917,0.28507018351129776
lW3m9Vzu,-0.37303374890556884,-0.10692618468537693,-0.4860492187609137,-0.05976541488062653,-0.5228739480502221
lYLseGDP,1.0946718482394338,-0.1773025082263599,0.7654830136091277,-0.3694141003091745,0.2766780446308684
lcOnCdZi,-0.11488710629233123,0.3612913105207224,1.2001845380954987,-0.6360640546086654,-0.37253096843356326
le9YGwON,-0.209856864537226,0.49607118691345153,0.022455604699637612,-0.09573182581775855,-0.2838825789537571
llMvu3TX,1.1759988796291276,0.23422727165415755,2.03212009046571,-0.45690397718579134,-0.06779166321037361
lnHh2jFO,0.05081407351546297,0.20716823409041285,1.2601082152628522,-0.6742104848052927,-0.030318194087148358
m07CVXd4,-0.3576944189908852,0.5251015500665808,-0.18841363603941566,-0.6783204852730171,0.9533242137900909
m1lPk91z,-0.2780198798488807,-0.1657166473063003,0.6511257792209231,-0.6764920820231166,0.8559373431903466
m9IQdmwa,-0.4459772192106701,-0.14893962900086488,-0.1682582553158878,-0.5630060615036949,0.8501675098376328
mG9BRy5x,-0.322944499962918,0.2700569788576857,0.03872020195170946,-0.4659053470314518,0.3931023205276241
mVHXnama,-0.3448664164190717,0.16111184308371565,0.4335505487005396,-0.4235317110305688,-0.5846218216085451
mXyrR6nU,-0.3477313051758084,-0.20248359878127176,-0.12836837188858086,-0.461584376957971,0.4685706751126767
mbzNdxNc,-0.37045473677607954,-0.23846547848643576,-0.5168107255821122,0.20737680183230195,-0.48205884720952963
mntH7g3L,-0.013126355998446379,0.5174202971998775,1.112651262832624,-0.59331536153088,0.026314471010717825
msRTXP3H,-0.3364615471609126,-0.08997278461668091,-0.162272434590571,-0.32139116708744675,0.4601442826041636
mxBjvIPR,-0.4015738298038507,-0.3176332224628788,-0.3551561546190235,-0.6177487673532589,0.13385563935784892
n8Opmfbz,0.445022563966627,0.5272700082149008,1.9402564480218598,0.5981862759647372,-0.4813851925238901
nOkgU29Q,-0.347135206609886,-0.12357178128485347,-0.523217424327178,0.7804405742720589,-0.23863353625560313
nhttf7VM,0.11308147394471729,0.8960808167268892,0.5329432312754494,0.14806308785798775,-0.23685615355394327
njLbXYa3,-0.3646342790036082,-0.33094485789013534,-0.38590830859533914,-0.44359726464485333,-0.4423741160955884
nwkIpzmh,0.18052227715640562,0.04897800170726995,1.1885776575953113,-0.3030211840083257,-0.5845571203110511
nzB1R9Zg,-0.04265601354555,0.30555121486442316,1.2173283027666015,-0.34068316548062105,-0.1276936468108653
o1rZRI84,-0.4103549184884912,0.14058930615845258,-0.7827869283736141,-0.38832322793634355,-0.25694019748683594
o7q5Mbty,-0.12605495145899676,-0.31203742456178757,-0.10337757036038286,0.20946305682257219,-0.8424488801921934
oCBvysqB,-0.42624478990118,-0.25497619491400736,-0.647694436879118,-0.25220095008803234,-0.6634127781176833
oDmycTPH,-0.4153891914317624,0.12674852544141318,0.11124216117687649,-0.7584733080827258,1.1834248634195774
oFAXZvQv,-0.43427208989380606,0.4463073204123355,-0.37409566550772105,-0.20847554587247943,-0.3378282372264159
oHE3M1zX,-0.3080590534285948,-0.01329513612156381,-0.660077603504618,0.47538633803556696,-0.13817145104570538
oMhVmSpV,-0.46224581689378963,-0.16556793327061015,-0.5645382930216299,-0.3869245775870622,-0.0072464725936495
oNsDqVbi,0.1620184424245561,0.8404825181743872,1.295302970558736,-0.4998480124911311,-0.5348931655488159
oYAJqQk8,-0.3979351940205834,-0.30911502083717546,-0.1708209348139139,-0.6865326725193613,0.2938505301766725
ob5Kb6dW,-0.4403692164628667,0.15885692328673745,-0.5206640976740347,-0.5302432630984395,1.1120479144111541
obnzqs79,-0.3835161650863651,-0.15768263091307705,0.2406761815169704,-0.5347048795757593,-0.23031751654869248
oncLcgRP,-0.37964121105237736,-0.12110589506515142,-0.8556923542389973,-0.12997141146331873,0.04612448591894312
ooWVYaAe,-0.3551398967984347,0.5260699205315404,-0.9589945259751291,0.4310905345155581,-0.8809423462405692
osdyOUnV,-0.3271025827375169,0.09122662170710547,-0.49360631742662586,0.49438922993196194,0.16997038123376615
p7H9CzCv,-0.24306632795860406,0.014154708094111802,-0.3142374582545528,0.6094379882718121,-0.24861275990389642
p7U9hVhY,-0.38918428388040377,-0.035750955510801576,-0.2217658808932905,-0.4779540556269451,0.89820251428657
pE6Cf1RV,-0.28176134444259004,0.11755938142213028,-0.25924273034070433,-0.513678242201911,0.729069516686833
pI7qzotI,-0.03955466191248073,0.20396223615820475,0.30115167653243724,0.13288108993253728,-0.3756670783825307
pJrIA4sk,-0.3311394210403575,-0.29945206698325094,-0.07507586174349416,-0.6271408216540264,-0.12512843066328694
pXne2CLZ,-0.3397672065758161,1.2872886507070285,-0.8658776023169187,1.2858768675328298,-0.9574154739160692
pZMcDIOS,-0.4563717994361799,-0.20203745667420056,-0.19059284889722633,-0.6752340780776727,0.7171226124030823
pavfp3cc,0.08449853565661701,-0.20509128210477168,-0.08689785767599482,0.09294532493151987,-0.6764938580868615
pbQdC5L3,-0.3806731147971053,-0.02753709888837085,0.13132271914133803,-0.497238240331017,0.35370684227305316
pgj7aAFP,-0.3225149618939846,-0.022781708212227487,-0.33111934326892317,-0.34176926826581716,0.35300654587668145
pxg8G3ed,-0.09969013618882144,0.2613485616049358,-0.24099532997337078,-0.19148858576443548,0.8500228834079485
q36Npk6l,-0.3842443550449783,0.08134578449856493,-0.1983557101503717,-0.4927219280299824,0.7425311925236047
q4aDOVvq,0.2830386962752664,0.15083674075729864,0.10770678581098647,0.17489529623472233,-1.0344366596409011
qGmfR9CN,-0.3564697293047804,0.14607789161520848,-0.7086001627592177,0.4186042593303448,-0.39085285349949844
qJ51ODpA,-0.37672565512275025,-0.10649733490803746,-1.026204069306578,0.3914595033895247,-0.3533413247895139
qQX3cs3I,0.022875153079538673,0.8352809853911729,0.6421189895982985,-0.397129255554452,-0.47929572121080355
qXeIxPb8,-0.40897678102759244,-0.043784971904025125,-0.15094613943688542,-0.5135297821089703,0.7552507064185677
qYQ4MShM,-0.03913399421444296,-0.03730726518663072,0.024934108593714137,0.3175420044833178,-1.0374776206229706
qa0etnhK,0.004348178249699192,-0.07009352235742618,0.5331302881731159,0.0782243346630958,-0.8265171371747431
qbL4sboq,-0.2299953543578984,0.32188209106278787,0.07520564984149257,-0.4331738033826048,0.5080879440448771
qbYrsWHq,0.2737867065965348,0.6392205508961938,2.006736469452411,-0.3047870777454079,0.07649984211155555
r1zmcUqQ,0.10947494504741029,0.17936908481416178,0.016741016475936697,-0.3729771425397491,-0.9446731242690487
r54iHeQC,-0.4214792313458139,-0.13544469487845492,-0.2144706618843107,-0.5932919204635739,0.9868166501382913
r6xrAnQV,1.5592477857955362,0.2918556897171283,2.0723373234639304,0.025724157585843607,0.09256479368266396
r9HxnQDg,-0.233328974724539,0.03792474454293855,0.3196609565565033,-0.31614818169991343,0.36646441575477673
rG8Puuf9,0.6153542220077707,0.10355259433967029,1.4994288101369235,0.4350598885794433,-0.7181044042908252
rGuiefuR,-0.3697886394137386,-0.27845226175739957,-0.8559355282059627,0.26450268285801837,-0.7663030649628241
rJ19OhGP,-0.4320226313265201,0.2390794993767978,-0.514444455826635,-0.5318763241207863,1.183371579998117
rOCYepHd,0.09740506993598362,-0.0567438438047604,0.7523796779276132,-0.4907216236198358,-0.5602408503305232
rQJaOPFI,-0.26175947761713253,-0.14884625042031502,0.42102708940179084,-0.41432718526825246,-0.3207090351020731
rQhZtZeh,-0.32060686798058363,0.10104174806266648,-0.3607865672387749,-0.46308460526558076,0.3990738696901607
rapmok0w,-0.37937914944264367,-0.20176769633039043,-0.9045329102196286,0.15132139621357824,0.03292922718948763
rgzfnPVu,-0.13221397779017952,-0.11987813965421973,0.6444291422844759,-0.5081852187631094,-0.06477734393903584
ri4qhb1S,-0.29305790640432355,-0.30470893522160647,0.22245683968428712,-0.5973315977293782,0.17956520305578996
rqpFYzff,-0.36850474964360985,0.3006747778801597,-0.009952002821023272,-0.5871816155857031,0.4408518780758658
rrs22coX,-0.3654775909497207,-0.007782341403182958,0.2500664377798109,-0.48242348579336713,1.3089834401385738
sEeUCQLc,-0.4670464230559028,-0.05891576041902832,-0.5188122343871405,-0.4210078894505788,0.6234351336363447
sHScwqQl,-0.4426581578223479,0.017893309782047638,-0.27293529524986637,-0.6287426279199644,0.9524488432946254
sNC7DiAt,-0.39317546869825204,0.11291466165626754,0.15271267538946273,-0.6801723295902221,0.9474325897597484
sNK2TSs3,-0.3927989600205447,-0.05883275723631755,0.25898905179848636,-0.4821265656074856,1.2966102684831171
sO7Su6uw,-0.34095733074054896,-0.16533275758626267,-0.6939349019821919,0.15422808855957265,-0.15957235668047096
sOWZx89o,-0.4573663897728998,-0.1511080871491864,-0.5528659426072631,-0.7024804119768204,0.9701617749724119
sPbRcPjC,-0.09685103899963533,0.10066131680857499,0.011765302998017028,-0.02950299698805383,-0.5178462766393173
scVUfTKI,0.3411910641538898,4.6589401848098,0.2557062032444458,0.6309725154372992,-0.9387282168172427
seRaGeVv,-0.25121400466931443,-0.1380558366679013,0.06373906201455729,-0.39450385601613447,0.7585200249211941
sgtwiYWi,-0.3591788562769247,-0.31858775906405434,-0.7455626057380491,-0.18055723471054705,-0.6559264574021251
sjmLHcT6,-0.37333225616963567,0.09078739653192688,0.32934115101072675,-0.556872315558518,-0.1363141432118515
skZUZZGS,-0.35292640180010776,0.22359594733527333,0.36633165252420813,-0.5566926007091687,0.6612739747924604
suAmzADX,0.06501992429695136,0.34674500275064096,-0.8785132957542683,1.850251817691018,-1.0405794769438557
t4GWLqlO,0.4393150587974684,-0.07090280338885728,0.938678995158216,-0.2510445241009164,-0.23369720785291948
t7gy6Jyy,-0.061744569628476964,-0.16098892435772671,0.2282556035119379,-0.3741413822159679,-0.2675702400687135
tBadzH60,1.1141569677516596,0.5300817410292329,1.987572490286513,-0.18992584794400819,-0.5190108999941528
tXUWm0hp,-0.23537803040152705,-0.11408175072824361,-0.6059526901649168,0.5309494812408557,-0.4939981395759281
te6UPPxf,-0.43671828750254216,0.0941213577041471,-0.5710852844399451,-0.09392686363516554,-0.6208317124513583
ti2lamkL,0.19489112100310896,0.21509503803930086,0.47694774895908687,-0.13372198223234402,-0.5918797848035446
tr0lpwuU,-0.23760439707936082,0.3559998576229029,-0.7447208496985517,1.8480796121206227,-0.9191161117601654
ttdB5C73,-0.24043428643788867,-0.16733520936916235,-0.16733232367244044,-0.10730389937802216,0.4568711581428621
twS8YZu9,-0.3928760454719728,0.2696765476035943,-0.7989767028666206,-0.45345032660264734,0.08125348449779433
tx68W34H,-0.3802445891074585,-0.15931156837377805,-0.9495013884185719,0.6211272671686076,-0.7642097876910634
tyQSX4mY,-0.14670965829898894,-0.15087636993078524,0.5577189173713312,-0.6637401414084309,0.18560906543316935
tylKCRc0,-0.3763342017984241,-0.24043680407581916,-0.20495881863798662,-0.5963705139698152,0.21710717943518215
u1544WUo,-0.3181652019743711,-0.18277725981933152,-0.1029379866508678,-0.4000046931440376,0.2819949689011439
uAw9an0d,0.018406077029665718,0.499633406838126,0.2556313804853793,0.1296696637115594,-0.5848996565918858
uLZAEXMG,1.4730486067741113,0.5668417755723106,1.9532756080994258,0.26139283459536866,-0.7872777032258871
uMwe1s7I,-0.3409339013913344,-0.025894327563885128,-0.9416075873370606,0.7534364647350772,-0.845931332380671
ufhGeV3q,-0.3962293349219048,0.03436598308421013,0.05115013280162538,-0.648183086406078,0.5687587312979083
uhAeGBHo,-0.26469364204222573,-0.12736917689387603,-0.4215894118251575,0.45492228627707276,-0.3087164593142128
ujHNlqpw,0.7891490849642991,2.4064413139934286,1.1481172506301232,0.6940289864915375,-0.794467159164723
ulV6kuhB,-0.40979044472315523,-0.07795115698738914,-0.18002413417908877,-0.5895804181400592,0.9084595729182062
uohEnNEK,-0.3986265044480249,0.3699893523756321,-1.1314048685540208,0.6261592829503834,-0.9094489767232992
v1lhA8I4,-0.45697826283766085,-0.22750559990265418,0.004470083989036768,-0.7371341231447952,1.4499066720323008
v3JzigLI,-0.39229768764784306,0.07435622482112014,0.27930343088503073,-0.4820249876491591,-0.24965559258110234
v5IwjyIg,-0.38727546683894093,0.1797841007277167,-0.7692346561377011,-0.3820800903437371,-0.6022738579475141
v6lp5TK1,-0.3264155146613727,-0.18697583747812319,0.17079172454889582,-0.6560280302646226,0.6961479741400225
v8vOaaWq,-0.3930447271446101,-0.1445300849193497,-0.8565060517438451,0.034389538800112404,0.22523670716697286
vAYKtoil,-0.38053384033232934,0.0705657461439908,-0.4248348489996656,-0.0078121960405241825,-0.7588814455447574
vGTNQa6G,2.201163070817738,0.20235404949318145,1.9122166190617054,1.3177098369349338,-0.4834746638369767
vQzNxHoL,-0.4280325070964966,-0.23235782762529406,-0.6069534445674297,-0.19801301616471903,-0.687416959486786
vfZGBUJm,-0.31810836410868365,-0.2332570287713287,-0.10428479631406377,-0.2599990118119639,-0.27012023238158767
vlooVUoT,-0.29243027945489014,0.23516105745965551,-0.2710553734283216,0.3132835439226531,-0.013537722284964707
vrACvd4O,-0.28419066906320845,-0.25242038857970184,-0.12935042060132787,-0.09774775760610993,-0.5671753070380696
w8hdjLwb,-0.2731950247924159,-0.09122129082329013,0.3367205456236564,-0.4096467854960721,0.7866955369991189
wAntv4gH,-0.01027433892121598,0.4044391316665915,1.777516947052312,-0.4325565219435355,0.5536224336437277
wIUL09q0,-0.4044076240539143,-0.34304948870213825,0.011587598945234107,-0.6383534655155912,-0.18766413766752404
wOzx7Fgz,-0.3792129746139553,-0.33212419477781874,-0.1972894858336743,-0.48476759252400803,-0.13845689794640031
wPhjhCJQ,-0.44849563320854924,0.03202460163857409,-0.5220576715616473,-0.5530748626548809,1.2278480130850566
wQSWWmYB,-0.2502789518763809,-0.12275904178747621,0.2811833527065752,-0.3834162311802027,0.11932829509181687
wdIMrXwy,1.10834967090992,0.4964550766334888,2.0536596922319674,-0.5074976141221218,-0.32515439483556263
wiL9npQc,-0.42213409611892266,-0.1670931167529219,-0.24596169060640732,-0.6534885813064286,0.6675538066077468
wnU95Cxn,1.1772475771668969,1.9410978039886955,1.7804256818110182,-0.3060763364472607,-0.6910668738570055
wpJbbjJs,0.21907483741214248,1.495087118623701,0.5552591191670208,-0.062242354326003654,-0.6520291557179715
wsOWTAbI,0.2615855114290174,-0.12676048688732983,0.4076151098391281,1.0873310274475523,-0.6260002043332723
wtdBcU3U,-0.36869319681661433,0.14790396163484762,0.3843358789245749,-0.48728360041489577,-0.21756755498432068
wuKXVxOc,-0.425879272770018,0.24639761331913973,-0.6854425188281486,-0.18497196905325403,0.6638962803201764
wyzadAt8,-0.46674560178203656,0.25486047948970236,-0.43198977533539556,-0.7021444233454297,1.1010601117137377
wzaKzYwi,-0.32583064868468364,-0.21784264604872972,0.265208693645886,-0.6444168882588487,0.5346801773136137
x6GCk4EV,-0.4006584943027455,-0.0800089442254295,-0.14228540507494236,-0.6386738267687789,0.9714481890048781
x6lUi3vf,-0.1360150281362127,-0.07203026328734644,0.04500531371329218,0.5263159636032899,-1.0109462826930498
x8mwDHv9,-0.39608697511073077,-0.20898897322623675,-0.2943346043428743,-0.4695934082876593,0.2747484235821706
xIYm6puH,0.399905977456351,1.6223482900492059,0.09686683859123281,0.5765501708409216,-1.0549241351934417
xO6UdpsK,0.33248445765965345,0.4848104217923432,0.17665595829073005,0.5064848206620686,-0.9845177056473793
xQ2bkOvj,-0.3428175053676958,0.10408173962945211,-0.8681222850889123,0.4279416178073975,-0.8662018682886845
xeXyDCEQ,1.7272735330720084,0.2824659546729608,1.8772743905776683,1.5114346308441933,-0.9970012501044345
xrggHziO,-0.19717922439380778,-0.1046055540354187,0.2099801446099549,-0.21503904471827337,-0.27348469985111146
y1WMCmqQ,-0.3989170573034083,-0.24986804071134225,-0.8606213034925001,-0.35695126619126777,0.5930445536090281
yDngezhM,-0.3144128904597294,-0.2026011866234454,0.31606946412131276,-0.6313367727018733,-0.33124392871705427
yLiFjMD0,-0.35902309449233094,0.6783530930784248,0.2150306808469414,-0.600378936479211,0.8712563268609731
ySwEBO7w,-0.44047146677085863,-0.2204399539743909,-0.43532874095873536,-0.1628592288942086,-0.5614321153960895
ydC9UsSm,-0.3573879573181341,0.008396362293544807,-0.8171773390095357,0.4100170150070975,0.20521736453157152
ydEG4VBd,-0.31089718644703174,-0.06745125437446339,-0.3097013284861487,-0.18762080965887803,0.6982907288745719
yf76yWXc,0.003850232266083356,0.9693864609243749,1.469434236596158,-0.46121713357017075,-0.353638189566237
yg70e63n,-0.22151783483376,-0.2796108478494057,-0.07942493461423203,0.04362531931883719,-0.42527774972330146
ywxtlSKv,-0.38463484419855404,-0.23616905709810151,-0.7301304116805911,-0.1356988455751844,0.234420485451996
yzKPQPOR,-0.3343574855426623,0.02106472305479241,-0.8477330832433024,1.0433868399371404,-0.7267743781545956
z5cnOnZ1,-0.37397073004000164,-0.36709620242666713,-0.3011995924872224,-0.2811819229678543,-0.5709698478379741
zFLkOE0e,0.11358882059314133,0.17054999665113155,0.13693442607132258,0.4642283899977164,-0.7632773278154596
zGi72mxL,-0.24000908713732788,-0.22472499328183962,-0.28036145408721275,0.27714523182527456,-0.767319255929298
zN925UV3,-0.3228730549103749,0.12994068950983598,-0.32691056307143423,0.14289042567237345,-0.6632415099772672
zTy2ih7e,-0.44562732164565044,-0.12833063042694384,-0.6513233406938421,-0.40688855324301954,0.5743306547994719
zVFzAutw,-0.3363919340327941,0.08942130248314382,-0.1627307239898528,-0.455270916163445,0.7385615776246103
zYxNAkht,-0.3909139097880588,0.2315504190117317,0.12511243013882178,-0.6194052694429117,0.830315629383973
zaWDBai3,-0.35283586616672324,1.0688969015968772,-0.14057383446129684,-0.18161208273933546,0.7557378691290881
zg3u0Zsx,-0.19646578624766267,0.4579692675832132,-0.020586187453343976,-0.38511180171536646,-0.13282407910602115
zlwLfdsS,-0.3303879463581419,-0.07261820249821517,-0.9689085415514352,1.4100754558112807,-0.6564478737407275
zmbKzVfl,-0.31690503080468185,0.11589240083602044,-0.6509679325882769,0.17171512477015322,0.1899212166130011
